imu_to_display,predict_to_display,render_to_display,wall_time
1601961073524.6326,37.928481,55.878211,0.0
1601961073895.8381,100.933134,337.377456,371.205651
1601961073928.596,18.402742,370.135137,403.963332
1601961073962.3965,19.063702,30.869754,437.76391
1601961073997.3364,21.032945,65.809712,472.703868
1601961074028.746,17.561871,97.219298,504.113454
1601961074061.773,18.126922,130.246336,537.140492
1601961074095.259,19.562092,163.732562,570.626718
1601961074128.5862,19.04418,40.005666,603.953674
1601961074161.9656,19.37418,73.385104,637.333112
1601961074195.5298,19.633264,106.949126,670.897134
1601961074229.4775,20.007169,140.897006,704.845014
1601961074262.8044,18.496219,174.223866,738.171874
1601961074296.4053,19.621327,207.824658,771.772666
1601961074329.3904,18.577854,43.463106,804.757813
1601961074362.6758,19.322177,76.748588,838.043295
1601961074395.2698,18.792616,109.342549,870.637256
1601961074428.573,19.605998,142.645599,903.940306
1601961074462.2249,19.357571,30.606669,937.592461
1601961074478.5952,2.24852,46.976901,953.962693
1601961074513.2822,19.473833,81.663984,988.649776
1601961074545.8413,18.675811,114.223191,1021.208983
1601961074579.323,19.549164,147.704522,1054.690314
1601961074612.132,18.974705,31.190344,1087.499645
1601961074629.2258,3.27356,48.284034,1104.593335
1601961074662.4194,18.290065,81.477575,1137.786876
1601961074695.5447,19.267167,114.602665,1170.911966
1601961074729.0466,17.064505,148.104637,1204.413938
1601961074762.6165,17.479083,181.674707,1237.984008
1601961074796.5017,17.672277,47.531135,1271.869166
1601961074828.9858,16.831822,80.015427,1304.353458
1601961074846.1501,3.338107,97.17952,1321.517551
1601961074895.4907,32.288379,146.520371,1370.858402
1601961074931.2,20.208907,41.611276,1406.567548
1601961074962.21,16.915537,72.621291,1437.577563
1601961074995.5964,17.189791,106.007834,1470.964106
1601961075028.9863,18.169164,45.79739,1504.35388
1601961075062.2656,18.755495,79.076471,1537.632961
1601961075095.8022,19.342594,40.921612,1571.169846
1601961075113.1177,3.475329,58.23704,1588.485274
1601961075147.292,19.049621,92.411043,1622.659277
1601961075179.1836,17.862686,124.302988,1654.551222
1601961075213.7493,20.727011,158.868433,1689.116667
1601961075247.0889,19.525483,47.831373,1722.456487
1601961075279.6833,18.623137,80.425686,1755.0508
1601961075320.397,25.546402,46.767611,1795.76453
1601961075347.425,12.532262,73.795586,1822.792505
1601961075379.9985,18.1667,106.369099,1855.366018
1601961075412.7542,16.487005,139.124859,1888.121778
1601961075447.4,20.815238,28.336068,1922.767515
1601961075486.0293,24.618007,66.965414,1961.396861
1601961075518.8518,16.616644,99.78777,1994.219217
1601961075546.1577,13.178499,127.093869,2021.525316
1601961075580.3396,20.23694,161.275745,2055.707192
1601961075613.0396,17.326437,43.649579,2088.407078
1601961075663.1897,34.180947,93.799683,2138.557182
1601961075680.202,3.005931,24.554932,2155.569556
1601961075713.0913,16.97842,57.444171,2188.458795
1601961075755.7778,27.596321,100.130537,2231.145161
1601961075797.1802,27.048424,141.533132,2272.547756
22.293483,1.826261,26.633205,2288.48664
39.346435,32.302619,76.551106,2338.404541
11.016447,3.046893,26.970884,2355.290509
51.265965,44.804225,87.047402,2415.367027
14.666281,4.809856,30.779541,2438.948922
23.09192,19.018835,64.999241,2473.168622
24.274087,17.974786,97.172671,2505.342052
25.552675,19.568333,130.586863,2538.756244
42.373775,19.900444,31.820901,2572.534388
6.919553,2.274634,48.312291,2589.025778
26.537361,17.967363,81.926588,2622.640075
25.523426,19.564717,116.064461,2656.777948
24.629496,17.94957,148.136286,2688.849773
26.350183,19.678033,181.725045,2722.438532
25.600005,19.387684,41.733682,2755.77192
24.067101,18.234094,75.144961,2789.183199
26.413835,18.720165,108.539152,2822.57739
29.538716,18.6833,141.643761,2855.681999
20.242316,3.335579,159.356455,2873.394693
24.801344,17.979939,191.934864,2905.973102
26.067387,19.376196,225.18892,2939.227158
9.412405,2.345261,31.760354,2955.543819
24.886404,18.179596,65.348442,2989.131907
33.56319,21.96566,101.175321,3024.958786
30.424132,16.519839,131.905932,3055.689397
26.127517,19.535403,165.523717,3089.307182
28.189501,19.881755,47.021959,3123.359163
25.887186,18.439,79.73215,3156.069354
26.254563,20.529657,114.224311,3190.561515
24.551412,17.771225,146.334058,3222.671262
10.69288,3.337947,30.541482,3239.817946
24.977511,18.400566,63.859445,3273.135909
24.600214,18.87502,97.494607,3306.771071
26.506543,18.953392,130.37639,3339.652854
24.167746,18.797257,40.568732,3373.378772
10.143255,2.067072,56.614981,3389.425021
41.543145,35.020602,106.849185,3439.659225
27.238673,18.900174,140.182381,3472.992421
23.493923,15.382602,23.242711,3506.680769
9.706211,2.459986,39.654385,3523.092443
25.853969,19.003155,74.154899,3557.592957
22.774209,17.380455,107.504767,3590.942825
31.91041,18.486299,139.86083,3623.298888
9.472311,2.369678,27.077609,3639.620125
28.766328,18.631105,62.412658,3674.955174
25.031627,17.918816,94.670252,3707.212768
24.763197,18.093064,43.501763,3741.989358
23.26348,16.92677,74.9574,3773.444995
26.791516,17.77529,41.000176,3807.125631
24.196196,18.866412,74.361757,3840.487212
20.998126,10.592331,34.705131,3873.715506
25.55261,18.604063,67.722376,3906.732751
12.576424,3.170643,84.82157,3923.831945
40.851528,33.069855,135.066303,3974.076678
25.635046,18.403255,44.800128,4006.782197
30.305759,19.560652,78.581536,4040.563605
27.186351,18.3357,35.329033,4074.468764
10.81375,1.582665,50.890875,4090.030606
25.25426,18.012004,84.322955,4123.462686
32.141525,23.668491,123.182936,4162.322667
22.640763,13.025116,34.931318,4190.830966
25.567747,18.868076,67.925938,4223.825586
28.649586,19.662737,29.231757,4257.89648
28.110201,18.309362,61.649614,4290.314337
26.277956,18.764647,94.922583,4323.587306
30.903515,19.515114,128.479565,4357.144288
12.157365,2.283114,19.631216,4373.391091
31.280909,17.805467,53.299371,4407.059246
14.741036,6.484813,74.161203,4427.921078
42.161638,31.663838,120.630561,4474.390436
29.312913,18.632994,29.553373,4507.54948
27.599106,17.916544,62.764611,4540.760718
28.842171,17.949346,31.142854,4574.149308
34.005227,28.081624,73.229992,4616.236446
18.924719,11.607835,99.348325,4642.354779
27.00551,17.298116,41.56321,4674.20813
27.022407,18.59456,74.771184,4707.416104
11.728704,2.285098,91.396467,4724.041387
25.03153,17.032247,124.664828,4757.309748
29.515482,19.55902,158.185744,4790.830664
27.942321,19.346658,43.660075,4824.141107
11.470997,2.19095,60.172842,4840.653874
29.21278,17.933409,93.969515,4874.450547
28.559854,19.08767,127.400091,4907.881123
37.185791,25.347961,43.067216,4948.38694
19.929917,11.556536,68.859453,4974.179177
32.680142,19.758294,102.569371,5007.889095
11.295085,2.285002,28.134202,5024.156954
30.418692,18.417143,61.74213,5057.764882
40.345298,27.55056,104.49906,5100.521812
21.296989,10.350112,128.591634,5124.614386
29.339954,19.17577,161.610319,5157.633071
27.272051,18.299314,46.498479,5191.585848
10.45607,1.887672,62.611579,5207.698948
23.419648,16.529184,96.400252,5241.487621
42.455379,32.066481,145.906998,5290.994367
11.188552,2.896775,25.813327,5307.695431
29.047172,16.526559,59.36522,5341.247324
47.821229,34.265559,110.173948,5392.056052
28.85734,18.517532,65.601414,5425.158965
19.026355,2.785153,82.23921,5441.796761
31.255563,15.764604,114.993275,5474.550826
39.602031,17.906592,148.355336,5507.912887
28.344164,19.279071,28.507755,5541.582898
14.359962,3.978488,46.563857,5559.639
29.426198,16.915985,78.5808,5591.655943
32.321885,19.361667,111.888043,5624.963186
27.768137,20.148583,145.978617,5659.05376
27.597185,17.502733,35.899011,5691.847283
29.687042,19.165242,69.074087,5725.022359
14.17109,2.411568,14.707403,5741.428017
29.995249,17.650388,48.556943,5775.277557
24.019515,14.177842,20.301231,5825.293991
29.949647,19.898396,54.216246,5859.209006
30.427557,18.204909,86.721819,5891.714579
29.599198,20.142503,120.929295,5925.922055
27.444538,17.698934,29.94059,5958.741787
29.450519,19.211612,62.935722,5991.736919
10.076788,2.688029,14.303672,6008.319353
36.860431,18.83825,47.932721,6041.948402
31.946475,21.299549,83.332829,6077.34851
25.328888,17.137563,35.403691,6108.589896
16.71188,2.2466,51.851015,6125.03722
32.152212,20.355953,87.396089,6160.582294
29.342995,17.314724,119.510541,6192.696746
44.128897,32.340989,169.296948,6242.483153
31.164487,18.94104,56.007112,6275.474733
32.815956,19.783415,89.780456,6309.248077
45.058988,25.557891,133.858983,6353.326604
24.441231,7.163373,15.682968,6375.513426
34.651177,22.366958,52.283675,6412.114133
28.892797,16.181007,82.442803,6442.273261
30.072084,19.155834,41.931547,6476.56983
40.501401,18.363573,74.21663,6508.854913
35.134368,19.425958,107.786797,6542.42508
43.403999,22.665756,54.608711,6579.05542
36.802189,16.092652,84.662363,6609.109072
15.568019,4.146145,103.446115,6627.892824
48.308963,31.098724,151.277968,6675.724677
22.950153,2.305451,23.465377,6692.323143
41.090356,30.192698,74.573542,6743.431308
30.614605,18.318514,30.966526,6775.948274
10.965853,2.041759,47.289364,6792.271112
31.912714,18.743846,81.346657,6826.328405
27.864334,18.978098,114.200439,6859.182187
16.317398,2.637371,6.580146,6875.814863
27.939922,17.668533,40.044452,6909.279169
27.95877,18.671587,73.365423,6942.60014
36.751306,20.501496,107.817518,6977.052235
31.142214,18.467866,38.687428,7009.477197
34.479553,20.139463,73.039903,7043.829672
29.46252,19.103992,39.087415,7076.86151
26.116093,15.751676,71.828263,7109.602358
28.407527,18.823306,22.209543,7142.776634
16.207376,3.795824,40.089253,7160.656344
47.091947,34.551204,89.877677,7210.444768
14.039244,1.999645,31.01456,7226.456967
30.070837,18.545245,64.685948,7260.128355
28.5155,18.053958,97.396714,7292.839121
29.711683,19.468392,27.884334,7327.079751
28.688244,18.604735,60.819751,7360.015168
30.75298,19.801048,94.963481,7394.158898
28.062167,18.042854,35.365994,7426.527665
29.407478,19.97808,71.55433,7462.716001
28.649747,16.071979,30.043443,7493.985965
31.422067,19.636432,63.834164,7527.776686
48.020629,34.30732,112.419907,7576.362429
12.608361,2.338573,18.294801,7593.023235
33.975178,18.34578,51.871304,7626.599738
29.737125,19.465192,86.32452,7661.052954
28.900478,17.370087,35.243333,7693.315636
10.748339,2.714014,52.06885,7710.141153
25.953621,8.671795,89.400951,7747.473254
22.887527,14.257046,119.182974,7777.255277
28.241791,18.434776,32.501189,7811.544069
27.62445,17.110458,65.030987,7844.073867
35.744796,25.132687,105.039821,7884.082701
24.818112,11.692479,39.396229,7910.167784
15.296711,2.769441,56.014921,7926.786476
19.782359,10.341536,89.381654,7960.153209
31.635997,19.583022,124.333133,7995.104688
26.675158,15.576979,30.155448,8027.105181
29.805896,19.046868,63.362238,8060.311971
33.849668,19.3865,97.314951,8094.264684
30.780597,18.919662,47.868046,8127.190116
48.642675,36.452509,98.703527,8178.025597
33.112674,18.298066,63.839413,8210.995896
11.173575,2.570264,80.385653,8227.542136
27.329749,17.288579,113.553337,8260.70982
28.782328,19.257246,147.047404,8294.203887
15.059867,2.359405,15.566354,8310.559654
28.513644,17.138491,48.908094,8343.901394
14.430206,2.600793,65.854673,8360.847973
30.720466,15.710937,99.326435,8394.319735
30.356801,19.057525,132.7709,8427.7642
32.27561,18.996818,32.373407,8461.038769
10.891417,2.233127,48.725366,8477.390728
31.668447,18.435736,82.442996,8511.108358
31.743458,15.091229,115.454673,8544.120035
38.367189,19.171866,148.680471,8577.345833
13.62076,3.801424,36.625924,8595.999147
28.269505,18.571935,70.123064,8629.496287
29.49801,17.069017,101.507657,8660.88088
27.992435,17.008565,40.331056,8694.36557
33.29265,19.311265,73.635803,8727.670317
18.101608,2.759904,10.613613,8744.540124
32.107891,19.093015,44.61596,8778.542471
32.361535,19.191803,77.888673,8811.815184
30.250844,18.386837,110.467529,8844.39404
31.993101,18.875116,143.636077,8877.562588
15.672504,2.961641,20.441621,8894.549329
32.209976,18.504251,53.54447,8927.652178
19.717843,2.520117,69.982417,8944.090125
27.598209,17.163197,25.440637,8978.008532
27.5552,18.804425,58.582528,9011.150423
31.931755,18.134474,91.965038,9044.532933
48.089432,33.851747,39.887004,9094.600313
26.442796,18.937551,73.151397,9127.864706
16.89528,2.374254,5.767916,9144.344863
26.57045,17.782202,39.467145,9178.044092
15.3402,2.768801,56.205874,9194.782821
47.177614,36.179088,108.054969,9246.631916
28.314786,17.792858,51.220266,9278.80925
56.973526,40.799751,53.158052,9333.437739
28.098169,13.18442,81.245052,9361.524739
33.537813,18.812841,34.478144,9394.965363
29.844362,19.160473,67.85627,9428.343489
34.914389,19.895996,101.83948,9462.326699
17.39316,2.638075,20.787302,9479.138168
29.004099,16.449948,53.170533,9511.521399
32.550631,18.201549,21.292956,9545.082733
39.344739,27.361623,74.798225,9598.588002
29.578238,16.843214,55.946246,9629.214448
29.239342,19.325762,29.483769,9662.727716
32.667277,18.937359,62.895368,9696.139315
36.364089,27.240529,51.728802,9737.897734
25.46579,10.139318,26.369928,9761.991396
11.980364,2.510901,42.874407,9778.495875
31.783171,18.910446,77.689463,9813.310931
33.007197,18.6977,111.130792,9846.75226
29.179787,17.9961,39.372516,9878.670574
14.395036,2.265001,55.625462,9894.92352
33.215206,18.567198,89.409303,9928.707361
28.515628,16.917489,22.509205,9961.964617
30.460999,18.682212,56.483295,9995.938707
36.248691,18.104105,89.525533,10028.980945
35.783102,19.418374,35.253317,10062.253178
12.073009,2.267337,51.521784,10078.521645
30.514408,17.874366,85.021131,10112.020992
33.773312,19.181562,118.299668,10145.299529
12.639563,2.723646,17.676596,10162.223483
31.223337,18.132521,51.215657,10195.762544
34.282008,18.759335,84.222374,10228.769261
37.886079,20.262701,118.308533,10262.85542
26.84899,2.566839,19.303168,10279.346393
39.059989,18.089672,52.537511,10312.580736
36.211697,19.961631,86.713466,10346.756691
38.483387,18.337011,38.856716,10379.168596
28.90787,18.686051,72.142101,10412.453981
30.369602,19.210012,105.562181,10445.874061
31.901033,18.851627,49.421238,10479.392609
30.902715,19.053908,82.413138,10512.384509
17.711318,3.987161,28.893278,10530.23337
34.166291,17.555087,62.270988,10563.61108
33.720029,18.419511,94.889558,10596.22965
36.974933,21.283132,38.597024,10631.462806
28.237151,16.593474,19.541611,10662.970797
33.472434,22.227304,56.53248,10699.961666
29.454008,15.264549,85.918741,10729.347927
12.522406,2.70851,20.110342,10746.062335
38.928687,24.420493,59.427751,10785.379744
23.098738,13.022397,86.610615,10812.562608
30.847354,20.227597,120.697512,10846.649505
30.871707,19.520556,46.923238,10880.401378
35.331051,18.421433,79.352554,10912.830694
37.534737,20.837833,114.533869,10948.012009
42.119846,17.447275,146.199949,10979.678089
29.552766,2.250185,26.9401,10996.106245
37.630966,17.278435,60.988979,11030.155124
28.670581,18.082793,93.982353,11063.148498
31.691809,18.903982,127.015696,11096.181841
14.24463,2.597625,23.730767,11112.774517
37.679192,19.048406,58.163184,11147.206934
34.362174,18.088009,90.753051,11179.796801
29.489979,18.474491,45.136115,11213.137327
32.941564,21.456134,80.456957,11248.458169
33.323726,19.263072,47.470687,11282.400419
27.403194,16.294102,78.405021,11313.334753
17.848574,2.841604,28.312612,11330.140078
27.904593,18.291666,61.673939,11363.501405
14.366268,2.132068,78.098767,11379.926233
30.667985,17.485965,111.350072,11413.177538
32.717713,19.656882,145.438569,11447.266035
32.05618,18.72468,43.307935,11480.12094
13.693859,1.392354,59.473398,11496.286403
32.745889,18.747056,93.444144,11530.257149
32.860614,20.102479,127.640469,11564.453474
30.487319,18.166356,160.276913,11597.089918
28.773382,19.252392,41.529757,11630.342743
14.049524,2.106275,57.814522,11646.627508
33.987131,16.390561,91.766419,11680.579405
35.024172,18.775633,124.768064,11713.58105
34.717022,20.556645,50.228822,11748.269399
32.356654,13.86001,82.049483,11780.09006
34.027517,20.145777,30.816198,11814.664995
33.315132,17.912201,63.099986,11846.948783
29.832793,19.190053,96.605719,11880.454516
16.07349,1.252987,25.690934,11896.657164
51.540851,35.261687,76.120405,11947.086635
16.601771,2.306956,23.299782,11963.504686
32.437138,18.098897,56.756072,11996.960976
30.443317,19.239559,90.297199,12030.502103
17.136389,2.574137,15.417524,12047.116963
33.704495,17.404049,48.60545,12080.304889
30.872649,20.109936,24.656774,12115.441482
32.757922,19.903879,63.871799,12154.656507
26.819371,9.629092,89.593102,12180.37781
30.746308,17.209256,22.4015,12214.365838
20.536004,2.810116,39.155342,12231.11968
31.45066,18.596713,73.058021,12265.022359
30.4205,17.388848,21.536371,12297.420488
35.606408,21.906756,58.316306,12334.200423
27.511243,15.67536,88.276912,12364.161029
28.172651,2.125828,31.99747,12380.784466
33.7476,23.502511,70.540559,12419.327555
55.415465,14.18233,98.619765,12447.406761
17.357423,2.639868,15.166472,12463.914416
36.766141,19.090304,49.089376,12497.83732
27.082231,18.484867,82.896051,12531.643995
31.656622,18.702286,49.97233,12565.27223
35.641353,18.182326,31.952412,12598.008327
36.186595,18.742256,64.743359,12630.799274
29.048468,19.769632,36.411213,12664.607197
29.410308,18.448034,69.889648,12698.085632
30.305359,19.964073,20.585734,12732.095517
33.050224,18.791251,55.108187,12766.61797
40.696534,27.772663,45.281581,12808.392666
22.634695,8.967173,22.454751,12831.570747
35.171475,18.672877,55.671382,12864.787378
32.437202,18.538918,37.204594,12898.050507
28.971152,19.471954,70.765946,12931.611859
32.336942,19.4268,104.208924,12965.054837
29.374627,18.794227,50.987866,12998.01472
17.957611,3.226872,6.293448,13015.783938
29.588397,17.427954,38.681816,13048.172306
16.070835,2.517975,55.180287,13064.670777
29.687409,16.897593,88.808585,13098.299075
32.662141,17.184679,37.220755,13131.308465
26.927312,19.548373,70.803355,13164.891065
14.70373,2.311532,31.063794,13181.292923
27.330435,17.894504,64.850148,13215.079277
31.377473,19.03331,97.780302,13248.009431
28.876939,19.460337,38.576722,13281.530108
33.097937,19.369517,71.978578,13314.931964
33.394208,21.867715,51.506514,13351.024027
27.899422,17.918217,31.648398,13383.538897
29.507561,17.747777,63.196951,13415.08745
17.977356,5.552677,21.310248,13434.645712
24.695687,16.126965,52.140399,13465.475863
31.592267,17.750241,85.857054,13499.192518
37.009001,20.325978,120.302703,13533.638167
28.519739,13.300721,38.210018,13567.143996
41.000037,24.960372,45.284206,13607.672074
21.523922,10.669205,69.891057,13632.278925
16.452453,1.823414,16.800981,13648.162839
30.464854,21.142272,53.813374,13685.175232
25.665813,16.334591,84.128301,13715.490159
29.993312,19.325643,35.016972,13748.6553
31.283836,19.153475,68.38129,13782.019618
33.980475,20.017772,47.981165,13816.670013
29.331937,18.41552,25.127836,13849.122832
28.968912,19.675452,58.758183,13882.753179
30.65011,18.002669,91.370593,13915.365589
13.317969,2.467892,24.810029,13932.015811
31.850615,18.644043,58.549565,13965.755347
29.904092,15.279469,31.846647,13999.502915
29.70517,17.096738,64.771328,14032.427596
32.711071,18.271097,40.036855,14065.403704
13.819817,2.987405,57.12553,14082.492379
27.174299,17.05536,90.461718,14115.828567
30.084548,18.570664,40.219008,14148.878311
28.611007,19.193637,73.733381,14182.392684
33.671597,18.620714,47.123716,14215.497022
31.252859,19.423983,26.540605,14248.889085
17.902504,2.828485,43.239149,14265.587629
31.62366,18.338301,76.961308,14299.309788
34.512756,18.916088,110.024204,14332.372684
31.507783,18.951577,47.992493,14366.183391
30.015233,18.948378,81.598967,14399.789865
33.607882,22.007497,27.201245,14438.332506
23.024633,13.860906,54.901873,14466.033134
28.395477,18.205558,23.504559,14499.117439
16.094868,2.366063,40.175998,14515.788878
27.265503,18.442241,22.417244,14549.164556
32.678558,19.611673,56.040903,14582.788215
13.537979,2.656156,15.981198,14599.353952
27.384389,18.195286,49.64249,14633.015244
36.037691,19.904582,84.361048,14667.733802
29.06018,12.133306,20.878228,14699.701095
15.092772,2.210343,37.019433,14715.8423
27.399142,18.54263,71.296306,14750.119173
33.10501,18.213943,104.17913,14783.001997
35.812081,15.81767,23.822398,14816.501201
29.236828,19.077759,57.39767,14850.076473
33.090065,18.493028,90.246476,14882.925279
31.827702,17.348462,41.981842,14916.393666
32.795075,21.464848,78.10741,14952.519234
28.499098,16.726289,46.542665,14983.277126
32.767074,19.162948,79.737887,15016.472348
31.981821,19.493395,113.081916,15049.816377
13.746342,2.463828,20.817906,15066.44631
32.507414,19.609081,55.586066,15101.21447
30.566555,17.797636,87.71039,15133.338794
29.142296,15.091589,121.372098,15167.000502
31.896377,18.822963,20.523267,15199.886589
12.57787,2.455827,37.206898,15216.57022
33.057168,17.186311,71.624226,15250.987548
31.329758,18.524101,104.649392,15284.012714
30.043618,19.314154,138.417089,15317.780411
34.51154,19.353964,36.689146,15351.353347
33.87535,18.564455,69.24069,15383.904891
32.486037,18.890774,102.604784,15417.268985
29.299295,18.386495,135.638143,15450.302344
35.10488,20.684971,45.864361,15484.964291
31.860535,19.198725,79.554518,15518.654448
33.711534,17.567448,111.33713,15550.43706
15.455926,2.391248,128.098397,15567.198327
31.494822,17.776962,22.061291,15600.183875
32.747297,19.82317,56.55283,15634.675414
26.13409,18.329436,88.834377,15666.956961
18.059471,2.719551,105.725698,15683.848282
45.996879,33.908888,155.781968,15733.904552
14.724244,2.64134,30.672128,15750.494739
42.437192,32.863271,80.466465,15800.289076
31.813301,19.199557,113.998503,15833.821114
20.326266,2.825093,31.891673,15850.605966
27.669394,17.843589,65.181523,15883.895816
14.524394,2.425362,81.644856,15900.359149
35.49293,18.179125,115.364903,15934.079196
32.519702,18.272313,24.926386,15967.255889
29.312288,17.283083,74.791671,16017.121174
19.843427,2.746112,7.910067,16033.751586
41.330324,18.484516,41.345237,16067.186756
20.124849,2.68451,58.047269,16083.888788
41.189101,30.889994,104.073813,16129.915332
23.744347,6.022395,7.942869,16150.529836
46.342111,23.489294,46.509351,16189.096318
57.09932,36.732316,98.253476,16240.840443
34.939528,13.069541,125.210453,16267.79742
30.980334,18.755472,158.292166,16300.879133
16.429731,2.380592,33.550151,16317.211964
38.203074,27.597136,77.285132,16360.946945
22.091949,9.29058,100.371079,16384.032892
21.908324,2.627515,24.00455,16400.760717
36.238629,21.894979,61.411458,16438.167625
28.860874,14.981279,90.898282,16467.654449
39.804684,21.704763,126.786911,16503.543078
36.641752,17.68739,44.676017,16535.423134
36.339082,20.762959,79.538294,16570.285411
28.729285,17.297068,110.879541,16601.626658
38.74185,22.475007,52.653479,16639.602296
37.75886,14.127095,80.769423,16667.71824
35.360956,19.275593,30.826919,16701.309385
14.922396,2.472948,47.388656,16717.871122
38.279397,17.607194,80.644361,16751.126827
42.273728,19.573431,114.576482,16785.058948
38.693208,18.62145,31.378272,16818.433538
36.235749,18.668588,64.116769,16851.172035
41.179981,20.227701,38.703736,16886.222352
38.503375,17.909576,70.872158,16918.390774
29.476967,18.818419,47.075169,16951.353889
30.96699,18.407808,80.594599,16984.873319
28.984016,19.261352,114.058025,17018.336745
18.005582,2.453652,30.646975,17034.830032
33.395552,18.83026,65.039405,17069.222462
28.018819,20.438047,99.702984,17103.886041
36.399884,21.02201,39.313781,17139.240116
29.462599,15.038594,27.038645,17168.308617
17.073922,2.820101,43.776807,17185.046779
28.250798,18.247576,77.001726,17218.271698
26.992371,18.673261,24.803052,17251.843258
32.603291,18.786098,58.356531,17285.396737
30.571483,18.157364,91.347711,17318.387917
29.936733,19.646362,35.438591,17351.831983
33.297467,18.846197,68.77398,17385.167372
32.412241,19.78336,31.088883,17419.454389
33.731183,17.897448,63.372542,17451.738048
17.905128,4.127074,81.366283,17469.731789
31.948252,17.389424,113.744219,17502.109725
30.21425,17.999725,146.730407,17535.095913
30.178056,20.223445,42.207581,17570.126261
30.97867,17.816068,73.966704,17601.885384
34.637882,19.397038,107.54316,17635.46184
32.963563,18.88559,29.398468,17668.762091
10.568592,2.404368,46.026416,17685.390039
22.162352,12.387333,79.170436,17718.534059
28.085703,18.864566,112.565892,17751.929515
32.523255,18.444162,42.750711,17785.319114
12.460169,3.048335,59.841369,17802.409772
31.227706,16.746642,92.774499,17835.342902
27.157595,20.019692,126.631768,17869.200171
33.732592,20.745614,38.668503,17903.880071
33.336157,19.414512,72.986242,17938.19781
28.091526,16.638637,103.848042,17969.05961
14.332193,2.437619,30.484919,17985.438203
25.166365,16.10306,64.123554,18019.076838
17.121124,2.998061,81.098527,18036.051811
34.792737,17.46034,113.981254,18068.934538
28.714915,19.004284,23.901826,18102.668601
33.921592,18.78837,57.149083,18135.915858
33.001645,18.315388,23.408651,18169.899149
40.258178,18.543367,55.93549,18202.425988
16.562698,2.954731,14.461575,18219.385152
72.077943,37.71297,85.089466,18290.013043
158.034426,144.323382,267.231423,18472.155
32.037504,19.533365,300.983759,18505.907336
25.26589,15.218475,331.24662,18536.170197
17.821125,2.561273,347.758595,18552.682172
30.359601,18.420737,381.321002,18586.244579
35.072334,18.686093,415.054969,18619.978546
33.347101,17.951466,448.268592,18653.192169
31.65579,19.022845,481.686577,18686.610154
30.154567,17.564408,515.251608,18720.175185
28.2996,17.885383,548.298567,18753.222144
14.659088,2.426258,564.693737,18769.617314
28.247022,17.675997,598.238479,18803.162056
31.363232,17.939818,631.409316,18836.332893
16.002351,2.090402,648.009583,18852.93316
27.661522,17.914057,681.627609,18886.551186
26.703621,18.121426,714.754476,18919.678053
14.774934,3.006669,731.855439,18936.779016
27.01202,17.030336,764.985698,18969.909275
33.946137,19.123969,798.132341,19003.055918
31.511623,21.38126,833.458544,19038.382121
31.330239,17.907369,865.354633,19070.27821
18.669644,2.240361,881.58205,19086.505627
32.241705,17.031679,915.303025,19120.226602
30.441685,18.945914,948.489575,19153.413152
17.297708,2.548696,965.308252,19170.231829
30.142727,17.149541,998.285896,19203.209473
28.916941,18.859573,1031.95026,19236.873837
18.153236,2.239401,1048.226992,19253.150569
30.020609,17.30814,1081.982848,19286.906425
28.220012,17.278603,1115.218328,19320.141905
14.424933,2.101506,1131.473139,19336.396716
26.466874,17.556984,1165.475695,19370.399272
32.533303,17.284492,1198.527007,19403.450584
31.017968,19.005372,1232.131432,19437.055009
12.439368,2.131556,1248.418756,19453.342333
31.044689,17.321677,1282.012077,19486.935654
29.757813,18.295515,1315.388716,19520.312293
17.643196,2.617947,1331.973878,19536.897455
29.69317,17.940522,1365.67226,19570.595837
16.758579,2.147397,1381.888733,19586.81231
29.437125,18.019053,1415.394977,19620.318554
33.799762,19.324299,1448.836579,19653.760156
15.516408,2.697726,1465.527954,19670.451531
33.835892,17.227528,1498.93541,19703.858987
31.358464,18.335421,1532.186251,19737.109828
13.829546,2.60041,1548.85929,19753.782867
32.300972,17.955115,1582.277754,19787.201331
11.764617,2.634204,1598.887878,19803.811455
29.563595,17.873447,1632.666871,19837.590448
34.560598,18.888567,1665.602081,19870.525658
14.40874,2.926569,1682.627392,19887.550969
28.082502,17.564409,1716.068194,19920.991771
33.286778,19.568854,1749.58071,19954.504287
14.380419,1.847287,1765.483025,19970.406602
33.107569,18.013197,1799.158045,20004.081622
33.460579,19.130274,1832.492314,20037.415891
16.033329,2.089858,1849.104294,20054.027871
31.511111,16.911322,1882.489093,20087.41267
32.705567,18.045711,1915.801024,20120.724601
11.372982,2.448275,1932.428749,20137.352326
32.704767,16.783796,1965.785162,20170.708739
31.300861,19.383342,1999.437942,20204.361519
29.864921,19.35086,2032.904536,20237.828113
16.995037,2.318188,2049.159283,20254.08286
27.891261,17.740512,2082.885346,20287.808923
35.649865,19.945736,2117.87486,20322.798437
32.8113,17.833829,2149.924237,20354.847814
14.62235,2.78237,2166.635965,20371.559542
32.410833,16.693648,2199.442273,20404.36585
28.363315,19.173412,2233.364953,20438.28853
33.141908,18.637643,2266.254145,20471.177722
28.642816,18.622826,2299.69517,20504.618747
29.046387,18.516581,2333.050624,20537.974201
27.677203,19.197669,2366.725356,20571.648933
33.61297,18.821204,2399.631797,20604.555374
12.944224,2.155301,2415.957619,20620.881196
34.528469,17.960395,2449.573629,20654.497206
32.111587,19.950472,2484.166484,20689.090061
31.342111,17.933673,2516.401053,20721.32463
13.034691,2.352974,2533.067627,20737.991204
31.09826,17.810052,2566.524366,20771.447943
12.930687,2.13498,2583.029364,20787.952941
33.448578,18.042703,2616.620509,20821.544086
14.192346,2.618875,2633.275083,20838.19866
27.473897,17.418065,2666.54378,20871.467357
31.06261,19.416464,2700.112812,20905.036389
18.896951,2.81258,2716.946978,20921.870555
30.702209,16.873944,2749.814408,20954.737985
12.245567,1.909274,2766.356945,20971.280522
32.693183,18.619466,2800.336204,21005.259781
28.599807,19.208582,2833.70129,21038.624867
18.107954,2.313292,2850.145517,21055.069094
28.120296,17.34187,2883.337219,21088.260796
19.042814,2.63926,2900.338209,21105.261786
30.487831,17.862951,2933.613659,21138.537236
16.715185,2.021311,2949.799315,21154.722892
28.404693,17.750785,2983.461918,21188.385495
35.37014,19.967497,3017.421432,21222.345009
29.992704,18.805459,3050.09327,21255.016847
17.552215,2.628539,3066.620861,21271.544438
29.755445,17.876487,3100.273417,21305.196994
17.987628,2.832453,3117.020315,21321.943892
29.244061,18.31926,3150.344311,21355.267888
17.846662,2.623995,3166.982372,21371.905949
29.069429,17.493205,3200.131544,21405.055121
13.73754,2.691454,3216.829735,21421.753312
34.22791,17.44309,3250.321355,21455.244932
30.072388,19.371117,3283.630855,21488.554432
12.308802,3.494244,3301.418602,21506.342179
32.445875,16.682543,3333.514252,21538.437829
14.086325,2.796708,3350.256638,21555.180215
32.488309,18.407936,3383.586234,21588.509811
11.773865,3.260313,3400.946377,21605.869954
29.768725,16.810933,3433.876914,21638.800491
35.35894,19.433072,3467.424441,21672.348018
30.522585,19.294794,3500.641776,21705.565353
13.682818,3.084049,3517.836183,21722.75976
30.44066,17.43893,3550.785697,21755.709274
18.913528,1.792148,3567.0303,21771.953877
28.945262,18.713998,3601.004534,21805.928111
35.125808,19.098208,3634.182667,21839.106244
12.292545,2.478005,3650.678354,21855.601931
32.669213,17.220872,3683.951083,21888.87466
12.458057,2.623835,3700.59132,21905.514897
30.871785,18.145076,3733.989112,21938.912689
16.549673,2.756162,3750.655174,21955.578751
27.952608,17.452019,3784.032228,21988.955805
31.007952,19.340204,3817.430436,22022.354013
27.561358,19.392814,3850.838436,22055.762013
15.416724,2.648509,3867.474577,22072.398154
33.718927,17.782563,3900.863664,22105.787241
14.373059,2.618299,3917.57424,22122.497817
32.928073,17.705215,3951.096997,22156.020574
28.1186,18.740144,3984.302044,22189.225621
16.802965,2.584858,4000.898855,22205.822432
33.083473,17.035679,4034.234947,22239.158524
13.687491,2.659357,4050.91141,22255.834987
32.242889,17.74448,4084.375028,22289.298605
19.084416,2.479285,4101.173833,22306.09741
29.418596,17.130308,4134.574184,22339.497761
32.83767,18.669645,4167.921414,22372.844991
13.731396,2.964715,4184.852256,22389.775833
32.626907,17.46962,4217.764681,22422.688258
13.007842,2.334221,4234.261327,22439.184904
28.529787,17.543672,4267.663183,22472.58676
35.944183,20.311897,4302.04134,22506.964917
12.537196,1.584106,4317.678746,22522.602323
33.322108,17.314541,4351.469036,22556.392613
29.824376,18.786418,4384.933007,22589.856584
15.849736,2.351311,4401.195882,22606.119459
27.651377,17.35531,4434.833844,22639.757421
29.988767,18.428545,4468.10763,22673.031207
16.672559,2.143717,4484.88701,22689.810587
27.926303,16.918938,4518.071127,22722.994704
32.333741,18.225495,4551.441237,22756.364814
14.814551,1.878104,4567.948924,22772.872501
32.610778,17.929417,4601.766991,22806.690568
27.876413,18.589257,4635.01588,22839.939457
17.242633,1.796596,4651.505869,22856.429446
27.83257,17.584793,4685.000177,22889.923754
31.229242,18.712046,4718.360911,22923.284488
28.648577,18.54407,4751.765679,22956.689256
20.192915,2.697726,4768.456158,22973.379735
28.501273,17.559864,4801.678261,23006.601838
31.998686,19.154563,4835.126359,23040.049936
29.306208,19.220486,4868.486069,23073.409646
17.165925,2.812516,4885.325931,23090.249508
27.205853,16.972285,4918.367994,23123.291571
30.72589,18.574152,4951.924385,23156.847962
33.600393,19.119681,4985.741108,23190.664685
32.489365,18.530118,5018.660765,23223.584342
17.946474,2.501205,5035.071071,23239.994648
27.326339,17.777474,5068.454494,23273.378071
32.893768,18.50394,5102.061447,23306.985024
10.416649,2.411153,5118.627377,23323.550954
30.572859,17.405265,5152.000015,23356.923592
32.280715,18.293083,5185.508308,23390.431885
28.419318,19.04179,5218.755596,23423.679173
16.258011,2.550712,5235.418618,23440.342195
27.307362,17.218536,5268.48737,23473.410947
32.861638,19.051486,5302.026736,23506.950313
18.538918,2.600922,5318.682654,23523.606231
28.730276,17.038016,5351.990361,23556.913938
33.436129,18.075536,5385.655877,23590.579454
30.689568,19.040157,5418.97104,23623.894617
11.590752,2.198759,5435.428357,23640.351934
31.764307,17.592378,5468.960843,23673.88442
28.288911,18.117618,5502.451406,23707.374983
32.624347,18.689613,5535.791499,23740.715076
13.670626,3.017422,5552.833291,23757.756868
33.469475,17.102339,5585.643087,23790.566664
29.990592,18.088881,5619.178517,23824.102094
28.294863,18.317435,5652.481743,23857.40532
14.922044,2.212327,5669.099579,23874.023156
36.37838,17.278315,5702.534909,23907.458486
32.698623,18.191446,5735.904315,23940.827892
29.209307,19.09264,5769.401727,23974.325304
17.434098,2.134436,5785.646169,23990.569746
27.972608,17.185318,5819.169086,24024.092663
30.386738,17.700127,5852.608576,24057.532153
34.816802,18.637803,5885.993887,24090.917464
15.194025,2.345838,5902.480548,24107.404125
33.653292,17.614651,5935.856259,24140.779836
29.257341,18.433825,5969.422442,24174.346019
18.616841,2.18583,5985.834956,24190.758533
27.143514,16.996606,6019.337361,24224.260938
32.494645,17.621275,6052.712655,24257.636232
30.080644,18.250585,6086.266454,24291.190031
16.521223,2.388944,6102.790717,24307.714294
27.925151,17.529495,6136.175164,24341.098741
33.111794,18.303451,6169.680864,24374.604441
30.097252,19.029693,6203.404303,24408.32788
35.793264,19.52066,6237.00396,24441.927537
31.698832,18.930329,6269.960867,24474.884444
13.327698,2.490645,6286.702965,24491.626542
30.918155,17.567256,6320.15231,24525.075887
33.619338,19.284681,6353.85434,24558.777917
31.478437,18.795634,6386.729739,24591.653316
17.496053,1.89132,6402.916162,24607.839739
28.21102,17.183143,6436.439688,24641.363265
35.649961,19.534965,6470.089363,24675.01294
17.116771,2.214216,6486.417905,24691.341482
35.264087,17.025567,6519.775247,24724.698824
29.595629,20.123952,6553.833197,24758.756774
17.709183,2.041696,6569.915744,24774.839321
26.006724,17.255434,6603.247196,24808.170773
32.41381,19.222502,6636.625947,24841.549524
16.977565,2.501365,6653.212549,24858.136126
28.213484,17.058688,6686.480702,24891.404279
31.770931,18.705646,6720.071559,24924.995136
36.34225,19.52194,6753.572235,24958.495812
14.596429,2.206888,6769.826214,24974.749791
32.925641,17.830981,6803.307785,25008.231362
29.516426,19.365805,6836.89797,25041.821547
18.683853,2.890151,6853.872334,25058.795911
